#Uploaded_variation	SYMBOL
10_113017911_C/T	TCF7L2
10_121580593_A/G	FGFR2
10_121580917_GC/G	FGFR2
10_121589810_A/T	FGFR2
10_13850298_G/A	FRMD4A
10_21744013_A/G	MLLT10
10_22572561_A/C	PIP4K2A
10_38234698_C/A	AL117339.5
10_5752689_A/G	TASOR2
10_62540131_A/G	AC024598.1
10_62540131_A/G	AC067752.1
10_62540131_A/G	ZNF365
10_69575818_C/T	AL450311.1
10_69575818_C/T	NEUROG3
10_79091500_G/T	ZMIZ1
10_79126969_A/G	ZMIZ1
10_93532430_CAA/C	CEP55
11_103743710_T/G	AP002989.1
11_108396675_C/CA	C11orf65
11_111825716_T/C	ALG9
11_111825716_T/C	AP001781.2
11_116857220_A/T	SIK3
11_123095918_A/G	CLMP
11_129373522_T/G	BARX2
11_129591121_A/G	AP003500.1
11_1874478_C/A	LSP1
11_433617_T/C	ANO9
11_46296481_C/G	CREB3L1
11_65786021_C/A	OVOL1
11_803017_A/G	PANO1
11_803017_A/G	PIDD1
11_803017_A/G	SLC25A22
12_111162330_G/T	CUX2
12_114670331_T/C	TBX3
12_115358772_A/G	AC078880.2
12_120394343_C/T	AC003982.1
12_184460_A/G	AC007406.3
12_28194449_C/T	AC022364.1
12_28194449_C/T	CCDC91
12_56752285_T/G	HSD17B6
12_56752285_T/G	PRIM1
12_70404575_A/T	KCNMB4
12_82670416_G/GA	AC091214.1
12_95633983_A/G	PGAM1P5
13_32265853_G/A	FRY
13_32398489_A/T	BRCA2
13_32398489_A/T	N4BP2L1
13_42927220_A/G	EPSTI1
14_104747641_T/G	ADSS1
14_36659359_C/A	AL079303.1
14_36659359_C/A	AL132857.2
14_36659359_C/A	PAX9
14_36759299_C/T	SLC25A21
14_68193711_T/C	RAD51B
14_68513118_T/C	RAD51B
14_91285444_TC/T	CCDC88C
14_91374725_A/G	CCDC88C
14_92603941_C/T	AL159141.1
15_66338231_G/A	DIS3L
15_66338231_G/A	TIPIN
15_67165360_A/G	SMAD3
15_75458042_T/C	AC105137.2
15_75458042_T/C	SIN3A
15_90969037_G/T	AC068831.8
15_90969037_G/T	PRC1
16_3958541_CAAAAA/C	ADCY9
16_4056787_C/A	ADCY9
16_52504913_C/A	TOX3
16_52565276_C/T	CASC16
16_53775211_C/T	FTO
16_53827227_C/T	FTO
16_53827680_G/A	FTO
16_54648152_G/A	AC007491.1
16_6913971_C/G	RBFOX1
16_80614399_A/G	CDYL2
16_85112371_T/C	FAM92B
16_87052886_T/C	LINC02181
17_30841059_G/T	AC130324.2
17_30841059_G/T	ATAD5
17_41094871_T/C	AC100808.1
17_41975042_T/C	CNP
17_41975042_T/C	DNAJC7
17_42333221_G/T	STAT3
17_42592452_G/A	RETREG3
17_45134972_C/CT	ACBD4
17_45134972_C/CT	PLCD3
17_46206492_G/A	KANSL1
17_55132413_A/C	STXBP4
18_11696614_C/T	GNAL
18_26545893_T/C	AC007996.1
18_26545893_T/C	KCTD1
18_26938086_AT/A	CHST9
18_32401563_G/A	GAREM1
18_44831838_G/C	SETBP1
18_45308832_T/C	SLC14A2
19_13139107_G/T	AC011446.1
19_13139107_G/T	NACC1
19_13139107_G/T	STX10
19_17283116_C/A	AC010463.1
19_17283116_C/A	ANKLE1
19_17283116_C/A	BABAM1
19_17283116_C/A	USHBP1
19_18458682_C/T	ELL
19_19406245_C/CGGGCG	AC092067.1
19_19406245_C/CGGGCG	GATAD2A
19_43778879_T/C	KCNN4
19_55305310_C/T	BRSK1
1_100414772_A/T	CDC14A
1_10506158_A/G	PEX14
1_109655507_CAAA/C	GSTM4
1_109655507_CAAA/C	RPL7P8
1_113903258_G/A	AP4B1
1_113903258_G/A	DCLRE1B
1_117598870_A/C	AL157902.1
1_119714487_T/C	PHGDH
1_121538815_A/G	EMBP1
1_121546196_A/G	EMBP1
1_145830809_C/CT	POLR3C
1_149934520_T/C	MTMR11
1_149934520_T/C	OTUD7B
1_155587180_G/A	AL353807.1
1_155587180_G/A	DAP3P1
1_168201814_CA/C	TIPRL
1_172359627_T/TA	DNM3
1_18480845_T/C	KLHDC7A
1_201468704_C/T	AC096677.2
1_201468704_C/T	PHLDA3
1_202215472_C/T	LGR6
1_203801320_T/A	AC114402.2
1_203801320_T/A	ZBED6
1_203801320_T/A	ZC3H11A
1_204533386_T/TTCTGAAACAGGG	AL512306.1
1_204533386_T/TTCTGAAACAGGG	MDM4
1_207902946_G/A	CD34
1_216880473_T/G	ESRRG
1_217047232_G/A	ESRRG
1_241870961_A/G	EXO1
1_46204534_TC/T	LURAP1
1_46204534_TC/T	POMGNT1
1_7857016_G/A	UTS2
20_42985066_C/G	PTPRT
20_5967581_G/A	AL035461.1
20_5967581_G/A	AL035461.2
20_5967581_G/A	AL035461.4
20_5967581_G/A	MCM8
21_14992435_T/G	AF127577.2
21_14992435_T/G	AF127577.4
21_14992435_T/G	NRIP1
21_15194030_A/G	AF222685.1
21_15202135_C/A	AF222685.1
21_46343018_G/A	PCNT
22_19778614_C/T	GNB1L
22_19778614_C/T	TBX1
22_28725099_A/G	CHEK2
22_28739555_G/A	CHEK2
22_28739555_G/A	HSCB
22_28807736_C/T	Z93930.2
22_29155884_A/G	KREMEN1
22_38187308_AAAAG/AAAAGAAAG	PLA2G6
22_38947911_T/A	APOBEC3A
22_40508703_CT/C	MRTFA
22_43037094_C/T	AL022476.1
22_43037094_C/T	TTLL1
22_44924073_G/A	PHF21B
22_45887417_G/A	BX324167.1
2_173348182_A/G	AC092573.2
2_19115914_T/A	LINC01376
2_201340018_T/C	FLACC1
2_217427435_C/G	DIRC3
2_217850122_G/A	TNS1
2_240449440_C/A	AC110619.1
2_240449440_C/A	GPC1
2_24906604_A/G	ADCY3
2_28956586_G/C	TOGARAM2
2_29392367_T/C	ALK
2_69945455_G/A	MXD1
2_88059306_G/C	KRCC1
2_9998855_T/C	AC010969.1
2_9998855_T/C	GRHL1
3_141394017_CTT/C	ZBTB38
3_172567447_G/A	LINC02068
3_190056667_C/T	P3H2
3_27312225_C/A	NEK10
3_27347173_C/G	NEK10
3_29253354_C/T	AC098650.1
3_29253354_C/T	RBMS3
3_30643415_C/T	TGFBR2
3_46846708_T/C	MYL3
3_4700567_A/G	ITPR1
3_49672479_C/CT	APEH
3_49672479_C/CT	BSN
3_55936749_A/AT	ERC2
3_59388019_C/T	AC126121.3
3_59388019_C/T	AC138057.1
3_63901773_T/TTG	AC104162.2
3_63901773_T/TTG	ATXN7
3_71571219_T/G	AC097634.2
3_71571219_T/G	AC097634.4
3_71571219_T/G	FOXP1
3_86988393_A/G	VGLL3
3_99685033_G/A	COL8A1
4_105147856_G/T	TET2
4_125831837_A/AAT	AC104664.1
4_142546042_C/T	INPP4B
4_150297144_CATATTT/C	LRBA
4_174921344_G/A	AC105914.1
4_174921344_G/A	ADAM29
4_174926285_C/A	AC105914.1
4_174926285_C/A	ADAM29
4_38783012_G/T	TLR10
4_83448971_TAA/TA	HELQ
5_104964572_G/T	AC091987.1
5_104964572_G/T	AC099520.1
5_123142982_C/A	PRDM6
5_123369550_C/T	CEP120
5_1279675_C/T	TERT
5_1296140_A/AG	TERT
5_132304843_A/G	SLC22A4
5_133071366_C/T	HSPA4
5_1352962_T/C	AC026748.3
5_1352962_T/C	LINC01511
5_158817075_C/T	EBF1
5_173931151_G/A	CPEB4
5_176707881_T/C	AC113391.1
5_32579510_TCA/T	SUB1
5_344994_T/C	AHRR
5_44508162_G/GT	LINC02224
5_44619400_A/G	LINC02224
5_44649842_C/T	LINC02224
5_73938758_T/C	ARHGEF28
5_77859573_GT/G	TBCA
5_82217128_TA/T	ATG10
6_130020583_C/CT	L3MBTL3
6_13713134_G/C	RANBP9
6_149274369_T/C	TAB2
6_151701529_CAAAAAAA/C	ESR1
6_151702056_G/A	ESR1
6_151734843_A/T	ESR1
6_152111767_C/T	AL078582.1
6_152111767_C/T	ESR1
6_16399326_C/T	ATXN1
6_168606267_C/G	SMOC2
6_20537614_CA/C	CDKAL1
6_21923579_T/C	CASC15
6_27457865_G/C	AL021918.4
6_27457865_G/C	ZNF184
6_43259403_G/A	TTBK1
6_81553832_AAT/A	AL359693.1
6_81553832_AAT/A	TENT5A
6_87094101_T/C	CGA
7_100351032_T/G	PILRB
7_100351032_T/G	PVRIG2P
7_100351032_T/G	STAG3L5P
7_101909160_G/A	CUX1
7_102841395_T/C	FBXL13
7_130972152_C/T	AC016831.6
7_130989722_G/A	AC016831.6
7_144351809_G/T	AC074386.1
7_144351809_G/T	ARHGEF5
7_21901342_A/G	CDCA7L
7_21901342_A/G	DNAH11
7_28829400_G/A	CREB5
7_55124563_A/C	EGFR
7_91829875_A/ATT	MTERF1
7_98375923_G/A	BAIAP2L1
8_101470872_T/C	AP001207.3
8_105346392_A/T	ZFPM2
8_116197325_A/G	LINC00536
8_119849946_A/G	AP005717.2
8_119849946_A/G	DSCC1
8_123559341_G/A	AC090193.1
8_123727673_T/G	ANXA13
8_127201316_C/CA	CASC19
8_127201316_C/CA	PCAT1
8_127358703_C/G	CASC8
8_127358703_C/G	PCAT1
8_127358703_C/G	POU5F1B
8_127359926_A/G	CASC8
8_127359926_A/G	PCAT1
8_127359926_A/G	POU5F1B
8_128187320_G/A	PVT1
8_17930101_CT/C	PCM1
8_220692_T/C	RPL23AP53
8_23806140_C/A	AC012119.1
8_23806140_C/A	AC012119.2
8_75318708_A/G	CASC9
8_75420821_C/T	HNF4G
8_75465930_G/T	HNF4G
9_107541527_TAA/T	PPIAP88
9_116551207_A/G	ASTN2
9_126662440_A/G	LMX1B
9_133271182_C/T	ABO
9_21964883_CAAAA/C	AL359922.1
9_21964883_CAAAA/C	CDKN2A
9_22041999_C/G	AL354709.1
9_36928291_T/C	PAX5
9_6880263_A/G	KDM4C
9_85167296_T/C	AL354897.1
9_95600305_T/C	AL392185.1
